"ECON","HLTH","HOUS","INFR","MOBI","SOCI","URBN","TOUR","OUT","n","incl","PRI","cases"
0,0,0,0,0,0,0,0,"0",1,0.458145665357117,0.170413013328239,"52"
0,0,0,0,0,1,0,0,"0",2,0.787531620346763,0.536180319800559,"20,36"
0,0,0,0,1,0,0,0,"0",1,0.365831617141774,0.0743714259262453,"48"
0,0,0,0,1,0,1,0,"0",1,0.38177380572764,0.0394454516570202,"21"
0,0,0,1,0,0,0,1,"0",1,0.208595240751259,0.0191100429191544,"3"
0,0,0,1,0,0,1,1,"0",1,0.0917356000353232,0.0122018759250304,"2"
0,0,0,1,1,0,1,1,"0",1,0.268938139876911,0.0340053034109718,"7"
0,0,1,0,0,0,0,0,"0",6,0.560862073589066,0.429886222810449,"41,51,55,56,58,60"
0,0,1,0,0,0,1,0,"0",2,0.660077954414187,0.317277739046653,"54,61"
0,0,1,0,1,0,0,0,"0",3,0.68104063549162,0.351243306970026,"47,50,71"
0,0,1,1,0,0,0,0,"1",1,0.962751368777699,0.895022211190835,"18"
0,1,0,0,0,0,0,0,"0",2,0.342292364338114,0.0663696565948845,"49,59"
0,1,0,0,0,0,1,1,"0",1,0.0736189475145037,0.0116742130230369,"1"
0,1,0,0,1,0,0,0,"0",1,0.49745020255819,0.179046868658186,"70"
0,1,0,1,1,1,1,0,"1",1,0.840690777035841,0.590742777508208,"66"
0,1,0,1,1,1,1,1,"0",1,0.5624920958408,0.157911382392168,"5"
0,1,1,0,0,0,0,0,"0",3,0.428464055045211,0.0692537374043305,"40,53,57"
0,1,1,0,0,0,1,0,"0",1,0.494562191260412,0.0774032434340498,"17"
0,1,1,0,1,0,0,0,"1",2,0.827647269660009,0.648433660932915,"72,73"
0,1,1,0,1,0,1,0,"0",2,0.61933569661903,0.185896958640877,"39,46"
0,1,1,0,1,1,1,0,"1",1,0.861601085211305,0.6946533263026,"45"
0,1,1,1,1,1,0,0,"1",1,0.915722071322805,0.760975428622599,"63"
1,0,0,0,0,0,1,0,"0",1,0.563382671624656,0.214018159966604,"16"
1,0,0,1,1,0,0,0,"0",1,0.707473182541085,0.522776136795921,"19"
1,0,0,1,1,1,0,0,"0",3,0.722313616130054,0.556573884801961,"12,68,69"
1,0,0,1,1,1,1,1,"1",2,0.973263486246916,0.966514651782766,"10,11"
1,0,1,0,0,0,0,0,"1",1,0.968419033803969,0.94015132539883,"42"
1,0,1,0,0,1,0,0,"1",3,0.966059252294845,0.917097571607284,"33,43,64"
1,0,1,0,0,1,1,0,"1",1,0.958826463083711,0.896611642654903,"38"
1,0,1,1,0,0,0,0,"1",1,0.972673603363172,0.945029256706333,"26"
1,0,1,1,0,1,1,0,"1",2,0.892446141563513,0.769117898262349,"25,35"
1,0,1,1,1,1,0,0,"1",1,0.892823175065066,0.634051304530385,"65"
1,1,0,0,0,1,0,0,"1",1,0.831045291527901,0.682734574391498,"44"
1,1,0,1,0,0,1,0,"1",1,0.952464380189586,0.794185027481827,"29"
1,1,0,1,0,0,1,1,"0",1,0.0724025283107277,0.0121691934648751,"4"
1,1,0,1,0,1,1,0,"0",2,0.797772982313897,0.628963416277447,"27,28"
1,1,0,1,1,1,1,0,"1",8,0.801647341478797,0.68049023991242,"13,14,15,22,30,31,32,34"
1,1,0,1,1,1,1,1,"1",2,0.882199157546393,0.836546259610801,"6,9"
1,1,1,1,0,1,1,1,"1",1,1,1,"8"
1,1,1,1,1,1,0,0,"1",1,0.853950314032692,0.636661741263639,"67"
1,1,1,1,1,1,1,0,"1",4,0.904820235786391,0.836751583104463,"23,24,37,62"
